model,accuracy,precision,recall,f1_score,roc_auc,training_time,confusion_matrix
Random Forest,0.6681,0.4737649585762504,0.11781762685997711,0.1887069176240528,0.5925750663605602,7.144953727722168,"[[25180, 1715], [11561, 1544]]"
XGBoost,0.67465,0.5205047318611987,0.08813429988553988,0.15074393108848866,0.6124238813893164,1.2709696292877197,"[[25831, 1064], [11950, 1155]]"
LightGBM,0.674475,0.524390243902439,0.06890499809233117,0.12180481553921899,0.6148031568780452,0.8111832141876221,"[[26076, 819], [12202, 903]]"
Neural Network,0.674025,0.5435356200527705,0.03143838229683327,0.05943879391185169,0.6087715981696877,43.01658749580383,"[[26549, 346], [12693, 412]]"
Logistic Regression,0.672375,0.0,0.0,0.0,0.5566877123784406,1.081669807434082,"[[26895, 0], [13105, 0]]"
